It's Only the Himalayas,http://books.toscrape.com/catalogue/its-only-the-himalayas_981/index.html,Â£45.17,In stock
You can't bury them all: Poems,http://books.toscrape.com/catalogue/you-cant-bury-them-all-poems_961/index.html,Â£33.63,In stock
The Natural History of Us (The Fine Art of Pretending #2),http://books.toscrape.com/catalogue/the-natural-history-of-us-the-fine-art-of-pretending-2_941/index.html,Â£45.22,In stock
"Rat Queens, Vol. 3: Demons (Rat Queens (Collected Editions) #11-15)",http://books.toscrape.com/catalogue/rat-queens-vol-3-demons-rat-queens-collected-editions-11-15_921/index.html,Â£50.40,In stock
In the Country We Love: My Family Divided,http://books.toscrape.com/catalogue/in-the-country-we-love-my-family-divided_901/index.html,Â£22.00,In stock
"Avatar: The Last Airbender: Smoke and Shadow, Part 3 (Smoke and Shadow #3)",http://books.toscrape.com/catalogue/avatar-the-last-airbender-smoke-and-shadow-part-3-smoke-and-shadow-3_881/index.html,Â£28.09,In stock
The Stranger,http://books.toscrape.com/catalogue/the-stranger_861/index.html,Â£17.44,In stock
The Cookies & Cups Cookbook: 125+ sweet & savory recipes reminding you to Always Eat Dessert First,http://books.toscrape.com/catalogue/the-cookies-cups-cookbook-125-sweet-savory-recipes-reminding-you-to-always-eat-dessert-first_841/index.html,Â£41.25,In stock
Mrs. Houdini,http://books.toscrape.com/catalogue/mrs-houdini_821/index.html,Â£30.25,In stock
"Deliciously Ella Every Day: Quick and Easy Recipes for Gluten-Free Snacks, Packed Lunches, and Simple Meals",http://books.toscrape.com/catalogue/deliciously-ella-every-day-quick-and-easy-recipes-for-gluten-free-snacks-packed-lunches-and-simple-meals_801/index.html,Â£42.16,In stock
Why the Right Went Wrong: Conservatism--From Goldwater to the Tea Party and Beyond,http://books.toscrape.com/catalogue/why-the-right-went-wrong-conservatism-from-goldwater-to-the-tea-party-and-beyond_781/index.html,Â£52.65,In stock
The Rosie Project (Don Tillman #1),http://books.toscrape.com/catalogue/the-rosie-project-don-tillman-1_761/index.html,Â£54.04,In stock
Take Me with You,http://books.toscrape.com/catalogue/take-me-with-you_741/index.html,Â£45.21,In stock
"Naruto (3-in-1 Edition), Vol. 14: Includes Vols. 40, 41 & 42 (Naruto: Omnibus #14)",http://books.toscrape.com/catalogue/naruto-3-in-1-edition-vol-14-includes-vols-40-41-42-naruto-omnibus-14_721/index.html,Â£38.39,In stock
"Hush, Hush (Hush, Hush #1)",http://books.toscrape.com/catalogue/hush-hush-hush-hush-1_701/index.html,Â£47.02,In stock
Cometh the Hour (The Clifton Chronicles #6),http://books.toscrape.com/catalogue/cometh-the-hour-the-clifton-chronicles-6_681/index.html,Â£25.01,In stock
Angels & Demons (Robert Langdon #1),http://books.toscrape.com/catalogue/angels-demons-robert-langdon-1_661/index.html,Â£51.48,In stock
The Silent Sister (Riley MacPherson #1),http://books.toscrape.com/catalogue/the-silent-sister-riley-macpherson-1_641/index.html,Â£46.29,In stock
How to Speak Golf: An Illustrated Guide to Links Lingo,http://books.toscrape.com/catalogue/how-to-speak-golf-an-illustrated-guide-to-links-lingo_621/index.html,Â£58.32,In stock
Off the Hook (Fishing for Trouble #1),http://books.toscrape.com/catalogue/off-the-hook-fishing-for-trouble-1_601/index.html,Â£47.67,In stock
10-Day Green Smoothie Cleanse: Lose Up to 15 Pounds in 10 Days!,http://books.toscrape.com/catalogue/10-day-green-smoothie-cleanse-lose-up-to-15-pounds-in-10-days_581/index.html,Â£49.71,In stock
Don't Forget Steven,http://books.toscrape.com/catalogue/dont-forget-steven_561/index.html,Â£33.23,In stock
Shadows of the Past (Logan Point #1),http://books.toscrape.com/catalogue/shadows-of-the-past-logan-point-1_541/index.html,Â£39.67,In stock
History of Beauty,http://books.toscrape.com/catalogue/history-of-beauty_521/index.html,Â£10.29,In stock
The Whale,http://books.toscrape.com/catalogue/the-whale_501/index.html,Â£35.96,In stock
Playing from the Heart,http://books.toscrape.com/catalogue/playing-from-the-heart_481/index.html,Â£32.38,In stock
Blue Like Jazz: Nonreligious Thoughts on Christian Spirituality,http://books.toscrape.com/catalogue/blue-like-jazz-nonreligious-thoughts-on-christian-spirituality_461/index.html,Â£25.77,In stock
The Collected Poems of W.B. Yeats (The Collected Works of W.B. Yeats #1),http://books.toscrape.com/catalogue/the-collected-poems-of-wb-yeats-the-collected-works-of-wb-yeats-1_441/index.html,Â£15.42,In stock
A Year in Provence (Provence #1),http://books.toscrape.com/catalogue/a-year-in-provence-provence-1_421/index.html,Â£56.88,In stock
The Expatriates,http://books.toscrape.com/catalogue/the-expatriates_401/index.html,Â£44.58,In stock
Kill the Boy Band,http://books.toscrape.com/catalogue/kill-the-boy-band_381/index.html,Â£15.52,In stock
America's War for the Greater Middle East: A Military History,http://books.toscrape.com/catalogue/americas-war-for-the-greater-middle-east-a-military-history_361/index.html,Â£51.22,In stock
Some Women,http://books.toscrape.com/catalogue/some-women_341/index.html,Â£13.73,In stock
"Fruits Basket, Vol. 4 (Fruits Basket #4)",http://books.toscrape.com/catalogue/fruits-basket-vol-4-fruits-basket-4_321/index.html,Â£50.44,In stock
We Are All Completely Beside Ourselves,http://books.toscrape.com/catalogue/we-are-all-completely-beside-ourselves_301/index.html,Â£24.04,In stock
The Smitten Kitchen Cookbook,http://books.toscrape.com/catalogue/the-smitten-kitchen-cookbook_281/index.html,Â£23.59,In stock
The Lonely Ones,http://books.toscrape.com/catalogue/the-lonely-ones_261/index.html,Â£43.59,In stock
The Day the Crayons Came Home (Crayons),http://books.toscrape.com/catalogue/the-day-the-crayons-came-home-crayons_241/index.html,Â£26.33,In stock
Shopaholic & Baby (Shopaholic #5),http://books.toscrape.com/catalogue/shopaholic-baby-shopaholic-5_221/index.html,Â£46.45,In stock
It's Only the Himalayas,http://books.toscrape.com/catalogue/its-only-the-himalayas_981/index.html,Â£45.17,In stock
You can't bury them all: Poems,http://books.toscrape.com/catalogue/you-cant-bury-them-all-poems_961/index.html,Â£33.63,In stock
The Natural History of Us (The Fine Art of Pretending #2),http://books.toscrape.com/catalogue/the-natural-history-of-us-the-fine-art-of-pretending-2_941/index.html,Â£45.22,In stock
"Rat Queens, Vol. 3: Demons (Rat Queens (Collected Editions) #11-15)",http://books.toscrape.com/catalogue/rat-queens-vol-3-demons-rat-queens-collected-editions-11-15_921/index.html,Â£50.40,In stock
In the Country We Love: My Family Divided,http://books.toscrape.com/catalogue/in-the-country-we-love-my-family-divided_901/index.html,Â£22.00,In stock
"Avatar: The Last Airbender: Smoke and Shadow, Part 3 (Smoke and Shadow #3)",http://books.toscrape.com/catalogue/avatar-the-last-airbender-smoke-and-shadow-part-3-smoke-and-shadow-3_881/index.html,Â£28.09,In stock
The Stranger,http://books.toscrape.com/catalogue/the-stranger_861/index.html,Â£17.44,In stock
The Cookies & Cups Cookbook: 125+ sweet & savory recipes reminding you to Always Eat Dessert First,http://books.toscrape.com/catalogue/the-cookies-cups-cookbook-125-sweet-savory-recipes-reminding-you-to-always-eat-dessert-first_841/index.html,Â£41.25,In stock
Mrs. Houdini,http://books.toscrape.com/catalogue/mrs-houdini_821/index.html,Â£30.25,In stock
"Deliciously Ella Every Day: Quick and Easy Recipes for Gluten-Free Snacks, Packed Lunches, and Simple Meals",http://books.toscrape.com/catalogue/deliciously-ella-every-day-quick-and-easy-recipes-for-gluten-free-snacks-packed-lunches-and-simple-meals_801/index.html,Â£42.16,In stock
Why the Right Went Wrong: Conservatism--From Goldwater to the Tea Party and Beyond,http://books.toscrape.com/catalogue/why-the-right-went-wrong-conservatism-from-goldwater-to-the-tea-party-and-beyond_781/index.html,Â£52.65,In stock
The Rosie Project (Don Tillman #1),http://books.toscrape.com/catalogue/the-rosie-project-don-tillman-1_761/index.html,Â£54.04,In stock
Take Me with You,http://books.toscrape.com/catalogue/take-me-with-you_741/index.html,Â£45.21,In stock
"Naruto (3-in-1 Edition), Vol. 14: Includes Vols. 40, 41 & 42 (Naruto: Omnibus #14)",http://books.toscrape.com/catalogue/naruto-3-in-1-edition-vol-14-includes-vols-40-41-42-naruto-omnibus-14_721/index.html,Â£38.39,In stock
"Hush, Hush (Hush, Hush #1)",http://books.toscrape.com/catalogue/hush-hush-hush-hush-1_701/index.html,Â£47.02,In stock
Cometh the Hour (The Clifton Chronicles #6),http://books.toscrape.com/catalogue/cometh-the-hour-the-clifton-chronicles-6_681/index.html,Â£25.01,In stock
Angels & Demons (Robert Langdon #1),http://books.toscrape.com/catalogue/angels-demons-robert-langdon-1_661/index.html,Â£51.48,In stock
The Silent Sister (Riley MacPherson #1),http://books.toscrape.com/catalogue/the-silent-sister-riley-macpherson-1_641/index.html,Â£46.29,In stock
How to Speak Golf: An Illustrated Guide to Links Lingo,http://books.toscrape.com/catalogue/how-to-speak-golf-an-illustrated-guide-to-links-lingo_621/index.html,Â£58.32,In stock
Off the Hook (Fishing for Trouble #1),http://books.toscrape.com/catalogue/off-the-hook-fishing-for-trouble-1_601/index.html,Â£47.67,In stock
10-Day Green Smoothie Cleanse: Lose Up to 15 Pounds in 10 Days!,http://books.toscrape.com/catalogue/10-day-green-smoothie-cleanse-lose-up-to-15-pounds-in-10-days_581/index.html,Â£49.71,In stock
Don't Forget Steven,http://books.toscrape.com/catalogue/dont-forget-steven_561/index.html,Â£33.23,In stock
Shadows of the Past (Logan Point #1),http://books.toscrape.com/catalogue/shadows-of-the-past-logan-point-1_541/index.html,Â£39.67,In stock
History of Beauty,http://books.toscrape.com/catalogue/history-of-beauty_521/index.html,Â£10.29,In stock
The Whale,http://books.toscrape.com/catalogue/the-whale_501/index.html,Â£35.96,In stock
Playing from the Heart,http://books.toscrape.com/catalogue/playing-from-the-heart_481/index.html,Â£32.38,In stock
Blue Like Jazz: Nonreligious Thoughts on Christian Spirituality,http://books.toscrape.com/catalogue/blue-like-jazz-nonreligious-thoughts-on-christian-spirituality_461/index.html,Â£25.77,In stock
The Collected Poems of W.B. Yeats (The Collected Works of W.B. Yeats #1),http://books.toscrape.com/catalogue/the-collected-poems-of-wb-yeats-the-collected-works-of-wb-yeats-1_441/index.html,Â£15.42,In stock
A Year in Provence (Provence #1),http://books.toscrape.com/catalogue/a-year-in-provence-provence-1_421/index.html,Â£56.88,In stock
The Expatriates,http://books.toscrape.com/catalogue/the-expatriates_401/index.html,Â£44.58,In stock
Kill the Boy Band,http://books.toscrape.com/catalogue/kill-the-boy-band_381/index.html,Â£15.52,In stock
America's War for the Greater Middle East: A Military History,http://books.toscrape.com/catalogue/americas-war-for-the-greater-middle-east-a-military-history_361/index.html,Â£51.22,In stock
Some Women,http://books.toscrape.com/catalogue/some-women_341/index.html,Â£13.73,In stock
"Fruits Basket, Vol. 4 (Fruits Basket #4)",http://books.toscrape.com/catalogue/fruits-basket-vol-4-fruits-basket-4_321/index.html,Â£50.44,In stock
We Are All Completely Beside Ourselves,http://books.toscrape.com/catalogue/we-are-all-completely-beside-ourselves_301/index.html,Â£24.04,In stock
The Smitten Kitchen Cookbook,http://books.toscrape.com/catalogue/the-smitten-kitchen-cookbook_281/index.html,Â£23.59,In stock
The Lonely Ones,http://books.toscrape.com/catalogue/the-lonely-ones_261/index.html,Â£43.59,In stock
The Day the Crayons Came Home (Crayons),http://books.toscrape.com/catalogue/the-day-the-crayons-came-home-crayons_241/index.html,Â£26.33,In stock
Shopaholic & Baby (Shopaholic #5),http://books.toscrape.com/catalogue/shopaholic-baby-shopaholic-5_221/index.html,Â£46.45,In stock
One for the Money (Stephanie Plum #1),http://books.toscrape.com/catalogue/one-for-the-money-stephanie-plum-1_201/index.html,Â£32.87,In stock
Lady Renegades (Rebel Belle #3),http://books.toscrape.com/catalogue/lady-renegades-rebel-belle-3_181/index.html,Â£53.04,In stock
Golden (Heart of Dread #3),http://books.toscrape.com/catalogue/golden-heart-of-dread-3_161/index.html,Â£42.21,In stock
Cosmos,http://books.toscrape.com/catalogue/cosmos_141/index.html,Â£36.17,In stock
Are We Smart Enough to Know How Smart Animals Are?,http://books.toscrape.com/catalogue/are-we-smart-enough-to-know-how-smart-animals-are_121/index.html,Â£56.58,In stock
Girl Online On Tour (Girl Online #2),http://books.toscrape.com/catalogue/girl-online-on-tour-girl-online-2_101/index.html,Â£53.47,In stock
The Selfish Gene,http://books.toscrape.com/catalogue/the-selfish-gene_81/index.html,Â£29.45,In stock
The Communist Manifesto,http://books.toscrape.com/catalogue/the-communist-manifesto_61/index.html,Â£14.76,In stock
One Second (Seven #7),http://books.toscrape.com/catalogue/one-second-seven-7_41/index.html,Â£52.94,In stock
"Fruits Basket, Vol. 1 (Fruits Basket #1)",http://books.toscrape.com/catalogue/fruits-basket-vol-1-fruits-basket-1_21/index.html,Â£40.28,In stock
"1,000 Places to See Before You Die",http://books.toscrape.com/catalogue/1000-places-to-see-before-you-die_1/index.html,Â£26.08,In stock
It's Only the Himalayas,http://books.toscrape.com/catalogue/its-only-the-himalayas_981/index.html,Â£45.17,In stock
You can't bury them all: Poems,http://books.toscrape.com/catalogue/you-cant-bury-them-all-poems_961/index.html,Â£33.63,In stock
The Natural History of Us (The Fine Art of Pretending #2),http://books.toscrape.com/catalogue/the-natural-history-of-us-the-fine-art-of-pretending-2_941/index.html,Â£45.22,In stock
"Rat Queens, Vol. 3: Demons (Rat Queens (Collected Editions) #11-15)",http://books.toscrape.com/catalogue/rat-queens-vol-3-demons-rat-queens-collected-editions-11-15_921/index.html,Â£50.40,In stock
In the Country We Love: My Family Divided,http://books.toscrape.com/catalogue/in-the-country-we-love-my-family-divided_901/index.html,Â£22.00,In stock
"Avatar: The Last Airbender: Smoke and Shadow, Part 3 (Smoke and Shadow #3)",http://books.toscrape.com/catalogue/avatar-the-last-airbender-smoke-and-shadow-part-3-smoke-and-shadow-3_881/index.html,Â£28.09,In stock
The Stranger,http://books.toscrape.com/catalogue/the-stranger_861/index.html,Â£17.44,In stock
The Cookies & Cups Cookbook: 125+ sweet & savory recipes reminding you to Always Eat Dessert First,http://books.toscrape.com/catalogue/the-cookies-cups-cookbook-125-sweet-savory-recipes-reminding-you-to-always-eat-dessert-first_841/index.html,Â£41.25,In stock
Mrs. Houdini,http://books.toscrape.com/catalogue/mrs-houdini_821/index.html,Â£30.25,In stock
"Deliciously Ella Every Day: Quick and Easy Recipes for Gluten-Free Snacks, Packed Lunches, and Simple Meals",http://books.toscrape.com/catalogue/deliciously-ella-every-day-quick-and-easy-recipes-for-gluten-free-snacks-packed-lunches-and-simple-meals_801/index.html,Â£42.16,In stock
Why the Right Went Wrong: Conservatism--From Goldwater to the Tea Party and Beyond,http://books.toscrape.com/catalogue/why-the-right-went-wrong-conservatism-from-goldwater-to-the-tea-party-and-beyond_781/index.html,Â£52.65,In stock
The Rosie Project (Don Tillman #1),http://books.toscrape.com/catalogue/the-rosie-project-don-tillman-1_761/index.html,Â£54.04,In stock
Take Me with You,http://books.toscrape.com/catalogue/take-me-with-you_741/index.html,Â£45.21,In stock
"Naruto (3-in-1 Edition), Vol. 14: Includes Vols. 40, 41 & 42 (Naruto: Omnibus #14)",http://books.toscrape.com/catalogue/naruto-3-in-1-edition-vol-14-includes-vols-40-41-42-naruto-omnibus-14_721/index.html,Â£38.39,In stock
"Hush, Hush (Hush, Hush #1)",http://books.toscrape.com/catalogue/hush-hush-hush-hush-1_701/index.html,Â£47.02,In stock
Cometh the Hour (The Clifton Chronicles #6),http://books.toscrape.com/catalogue/cometh-the-hour-the-clifton-chronicles-6_681/index.html,Â£25.01,In stock
Angels & Demons (Robert Langdon #1),http://books.toscrape.com/catalogue/angels-demons-robert-langdon-1_661/index.html,Â£51.48,In stock
The Silent Sister (Riley MacPherson #1),http://books.toscrape.com/catalogue/the-silent-sister-riley-macpherson-1_641/index.html,Â£46.29,In stock
How to Speak Golf: An Illustrated Guide to Links Lingo,http://books.toscrape.com/catalogue/how-to-speak-golf-an-illustrated-guide-to-links-lingo_621/index.html,Â£58.32,In stock
Off the Hook (Fishing for Trouble #1),http://books.toscrape.com/catalogue/off-the-hook-fishing-for-trouble-1_601/index.html,Â£47.67,In stock
10-Day Green Smoothie Cleanse: Lose Up to 15 Pounds in 10 Days!,http://books.toscrape.com/catalogue/10-day-green-smoothie-cleanse-lose-up-to-15-pounds-in-10-days_581/index.html,Â£49.71,In stock
Don't Forget Steven,http://books.toscrape.com/catalogue/dont-forget-steven_561/index.html,Â£33.23,In stock
Shadows of the Past (Logan Point #1),http://books.toscrape.com/catalogue/shadows-of-the-past-logan-point-1_541/index.html,Â£39.67,In stock
History of Beauty,http://books.toscrape.com/catalogue/history-of-beauty_521/index.html,Â£10.29,In stock
The Whale,http://books.toscrape.com/catalogue/the-whale_501/index.html,Â£35.96,In stock
Playing from the Heart,http://books.toscrape.com/catalogue/playing-from-the-heart_481/index.html,Â£32.38,In stock
Blue Like Jazz: Nonreligious Thoughts on Christian Spirituality,http://books.toscrape.com/catalogue/blue-like-jazz-nonreligious-thoughts-on-christian-spirituality_461/index.html,Â£25.77,In stock
The Collected Poems of W.B. Yeats (The Collected Works of W.B. Yeats #1),http://books.toscrape.com/catalogue/the-collected-poems-of-wb-yeats-the-collected-works-of-wb-yeats-1_441/index.html,Â£15.42,In stock
A Year in Provence (Provence #1),http://books.toscrape.com/catalogue/a-year-in-provence-provence-1_421/index.html,Â£56.88,In stock
The Expatriates,http://books.toscrape.com/catalogue/the-expatriates_401/index.html,Â£44.58,In stock
Kill the Boy Band,http://books.toscrape.com/catalogue/kill-the-boy-band_381/index.html,Â£15.52,In stock
America's War for the Greater Middle East: A Military History,http://books.toscrape.com/catalogue/americas-war-for-the-greater-middle-east-a-military-history_361/index.html,Â£51.22,In stock
Some Women,http://books.toscrape.com/catalogue/some-women_341/index.html,Â£13.73,In stock
"Fruits Basket, Vol. 4 (Fruits Basket #4)",http://books.toscrape.com/catalogue/fruits-basket-vol-4-fruits-basket-4_321/index.html,Â£50.44,In stock
We Are All Completely Beside Ourselves,http://books.toscrape.com/catalogue/we-are-all-completely-beside-ourselves_301/index.html,Â£24.04,In stock
The Smitten Kitchen Cookbook,http://books.toscrape.com/catalogue/the-smitten-kitchen-cookbook_281/index.html,Â£23.59,In stock
The Lonely Ones,http://books.toscrape.com/catalogue/the-lonely-ones_261/index.html,Â£43.59,In stock
The Day the Crayons Came Home (Crayons),http://books.toscrape.com/catalogue/the-day-the-crayons-came-home-crayons_241/index.html,Â£26.33,In stock
Shopaholic & Baby (Shopaholic #5),http://books.toscrape.com/catalogue/shopaholic-baby-shopaholic-5_221/index.html,Â£46.45,In stock
One for the Money (Stephanie Plum #1),http://books.toscrape.com/catalogue/one-for-the-money-stephanie-plum-1_201/index.html,Â£32.87,In stock
Lady Renegades (Rebel Belle #3),http://books.toscrape.com/catalogue/lady-renegades-rebel-belle-3_181/index.html,Â£53.04,In stock
Golden (Heart of Dread #3),http://books.toscrape.com/catalogue/golden-heart-of-dread-3_161/index.html,Â£42.21,In stock
Cosmos,http://books.toscrape.com/catalogue/cosmos_141/index.html,Â£36.17,In stock
Are We Smart Enough to Know How Smart Animals Are?,http://books.toscrape.com/catalogue/are-we-smart-enough-to-know-how-smart-animals-are_121/index.html,Â£56.58,In stock
Girl Online On Tour (Girl Online #2),http://books.toscrape.com/catalogue/girl-online-on-tour-girl-online-2_101/index.html,Â£53.47,In stock
The Selfish Gene,http://books.toscrape.com/catalogue/the-selfish-gene_81/index.html,Â£29.45,In stock
The Communist Manifesto,http://books.toscrape.com/catalogue/the-communist-manifesto_61/index.html,Â£14.76,In stock
One Second (Seven #7),http://books.toscrape.com/catalogue/one-second-seven-7_41/index.html,Â£52.94,In stock
"Fruits Basket, Vol. 1 (Fruits Basket #1)",http://books.toscrape.com/catalogue/fruits-basket-vol-1-fruits-basket-1_21/index.html,Â£40.28,In stock
"1,000 Places to See Before You Die",http://books.toscrape.com/catalogue/1000-places-to-see-before-you-die_1/index.html,Â£26.08,In stock
